Time_s,Raw_Weight_g
0.0,1.56
0.012,-0.49
0.025,3.98
0.038,-4.26
0.05,-4.93
0.062,-4.19
0.075,2.39
0.088,3.3
0.1,4.1
0.112,1.76
0.125,1.85
0.138,4.31
0.15,-4.54
0.162,0.62
0.175,-3.14
0.188,-0.13
0.2,1.06
0.213,-3.58
0.225,0.86
0.238,-2.66
0.25,2.24
0.262,-4.28
0.275,0.93
0.288,2.32
0.3,4.61
0.312,3.36
0.325,-1.94
0.338,-1.24
0.35,4.5
0.363,-0.08
0.375,3.05
0.388,-1.6
0.4,4.87
0.413,4.14
0.425,-1.34
0.438,4.3
0.45,0.99
0.462,0.57
0.475,-0.36
0.488,0.79
0.5,502.71
0.513,585.82
0.525,632.19
0.538,627.23
0.55,571.74
0.562,499.75
0.575,429.09
0.588,392.56
0.6,401.92
0.612,439.48
0.625,504.49
0.638,560.05
0.65,583.94
0.663,581.02
0.675,545.27
0.688,499.42
0.7,451.52
0.712,429.72
0.725,436.54
0.738,463.21
0.75,500.68
0.763,533.27
0.775,553.55
0.788,559.33
0.8,530.16
0.812,498.36
0.825,467.88
0.838,456.66
0.85,454.68
0.862,470.06
0.875,502.18
0.888,522.65
0.9,533.2
0.913,531.83
0.925,523.4
0.938,499.97
0.95,477.01
0.962,469.51
0.975,471.33
0.988,483.43
1.0,495.68
1.012,520.09
1.025,528.61
1.038,528.55
1.05,515.07
1.062,500.04
1.075,482.26
1.088,479.12
1.1,485.07
1.112,483.7
1.125,503.27
1.138,511.19
1.15,512.3
1.162,518.64
1.175,510.82
1.188,495.86
1.2,490.88
1.213,484.9
1.225,489.66
1.238,495.08
1.25,500.54
1.263,503.06
1.275,507.5
1.288,513.61
1.3,509.05
1.312,502.95
1.325,493.64
1.338,491.56
1.35,491.84
1.362,493.93
1.375,503.3
1.388,499.78
1.4,504.47
1.412,506.43
1.425,501.76
1.438,495.98
1.45,498.03
1.463,497.33
1.475,494.24
1.488,495.08
1.5,495.58
1.513,500.16
1.525,503.64
1.538,505.9
1.55,498.1
1.562,495.31
1.575,501.74
1.588,497.73
1.6,497.76
1.612,499.85
1.625,500.48
1.638,501.8
1.65,506.11
1.662,506.34
1.675,498.65
1.688,498.7
1.7,497.13
1.713,497.9
1.725,498.9
1.738,503.27
1.75,501.21
1.763,496.72
1.775,501.98
1.788,499.76
1.8,500.91
1.812,501.18
1.825,503.08
1.838,502.27
1.85,494.45
1.862,496.0
1.875,503.86
1.888,500.08
1.9,504.59
1.912,499.08
1.925,497.14
1.938,501.37
1.95,503.25
1.963,494.35
1.975,502.62
1.988,495.38
2.0,497.07
2.013,501.05
2.025,504.63
2.038,504.18
2.05,502.46
2.062,502.71
2.075,497.34
2.088,497.0
2.1,495.11
2.113,499.99
2.125,497.55
2.138,496.56
2.15,496.35
2.162,499.57
2.175,501.98
2.188,497.17
2.2,498.7
2.212,497.14
2.225,500.13
2.238,495.58
2.25,502.76
2.262,499.49
2.275,501.85
2.288,503.87
2.3,496.87
2.312,496.95
2.325,495.49
2.338,495.92
2.35,502.26
2.363,500.6
2.375,499.75
2.388,504.56
2.4,504.4
2.412,495.3
2.425,504.06
2.438,498.37
2.45,495.37
2.463,496.23
2.475,495.84
2.488,497.53
2.5,502.12
2.512,502.07
2.525,497.63
2.538,495.58
2.55,499.38
2.562,498.2
2.575,502.13
2.588,503.56
2.6,502.16
2.613,502.15
2.625,503.28
2.638,497.69
2.65,503.8
2.662,499.27
2.675,501.09
2.688,503.71
2.7,499.96
2.713,502.74
2.725,500.88
2.738,503.93
2.75,496.96
2.762,503.65
2.775,500.21
2.788,499.67
2.8,497.85
2.812,497.55
2.825,504.04
2.838,498.41
2.85,500.04
2.863,496.78
2.875,503.87
2.888,502.73
2.9,502.9
2.912,502.64
2.925,499.55
2.938,498.13
2.95,500.04
2.963,502.07
2.975,500.26
2.988,496.5
