Time_ms,Raw_Weight_g
0.0,-6.62
1.0,-4.32
2.0,-0.79
3.0,0.34
4.0,-0.27
5.0,-1.56
6.0,0.16
7.0,2.42
8.0,6.15
9.0,-5.28
10.0,4.08
11.0,-3.55
12.0,0.54
13.0,3.76
14.0,-3.0
15.0,-1.07
16.0,0.26
17.0,2.03
18.0,0.04
19.0,4.55
20.0,-6.63
21.0,4.99
22.0,-3.45
23.0,-4.11
24.0,1.9
25.0,0.44
26.0,-2.26
27.0,7.19
28.0,-2.04
29.0,0.79
30.0,-2.88
31.0,-1.55
32.0,-0.18
33.0,1.5
34.0,-2.92
35.0,-5.64
36.0,-0.43
37.0,0.14
38.0,2.68
39.0,1.16
40.0,-3.25
41.0,2.42
42.0,-4.22
43.0,-0.62
44.0,5.93
45.0,2.21
46.0,1.25
47.0,-7.02
48.0,3.27
49.0,-2.3
50.0,0.58
51.0,-1.39
52.0,2.59
53.0,-0.28
54.0,6.36
55.0,0.35
56.0,-6.96
57.0,4.37
58.0,-0.53
59.0,1.03
60.0,1.59
61.0,-0.35
62.0,-0.41
63.0,-3.2
64.0,2.24
65.0,5.94
66.0,8.01
67.0,3.61
68.0,1.07
69.0,1.72
70.0,0.22
71.0,0.49
72.0,6.85
73.0,4.64
74.0,0.58
75.0,4.02
76.0,2.47
77.0,-2.44
78.0,5.25
79.0,-0.61
80.0,-1.6
81.0,-0.91
82.0,3.02
83.0,-0.19
84.0,-3.83
85.0,-3.46
86.0,3.83
87.0,-2.15
88.0,-3.11
89.0,-4.49
90.0,1.09
91.0,-0.14
92.0,4.36
93.0,1.5
94.0,-3.15
95.0,1.06
96.0,2.91
97.0,3.47
98.0,1.66
99.0,-4.4
100.0,-0.25
101.0,0.08
102.0,-0.63
103.0,-5.85
104.0,-3.88
105.0,-2.23
106.0,-5.85
107.0,1.15
108.0,-3.14
109.0,5.52
110.0,0.58
111.0,-0.25
112.0,0.78
113.0,0.85
114.0,-0.6
115.0,-3.83
116.0,4.32
117.0,-0.78
118.0,-3.17
119.0,-1.85
120.0,-1.16
121.0,5.87
122.0,-4.3
123.0,-1.24
124.0,-2.22
125.0,0.88
126.0,4.7
127.0,-5.62
128.0,4.87
129.0,-5.69
130.0,3.02
131.0,1.34
132.0,-0.01
133.0,-7.46
134.0,0.23
135.0,2.3
136.0,-6.62
137.0,-2.38
138.0,-4.86
139.0,1.69
140.0,3.12
141.0,-0.36
142.0,-2.68
143.0,1.72
144.0,1.52
145.0,-5.97
146.0,1.5
147.0,1.57
148.0,-1.56
149.0,-3.02
150.0,4.23
151.0,7.17
152.0,-5.6
153.0,-5.6
154.0,-2.07
155.0,-0.73
156.0,-4.1
157.0,-0.01
158.0,-4.12
159.0,1.22
160.0,5.61
161.0,-0.41
162.0,8.15
163.0,-1.26
164.0,5.1
165.0,-2.27
166.0,-4.86
167.0,-7.97
168.0,-5.1
169.0,-1.3
170.0,-4.18
171.0,1.77
172.0,-3.51
173.0,1.13
174.0,-1.25
175.0,-1.36
176.0,-0.81
177.0,0.19
178.0,1.37
179.0,2.34
180.0,-1.89
181.0,-4.96
182.0,5.16
183.0,-8.99
184.0,-3.43
185.0,-3.67
186.0,-0.23
187.0,-0.86
188.0,-0.25
189.0,-1.84
190.0,-7.35
191.0,-4.93
192.0,-3.08
193.0,-0.0
194.0,0.87
195.0,1.4
196.0,0.95
197.0,-2.77
198.0,-0.05
199.0,4.06
200.0,508.3
201.0,597.33
202.0,670.17
203.0,714.0
204.0,708.52
205.0,688.24
206.0,654.5
207.0,646.56
208.0,635.77
209.0,630.76
210.0,611.59
211.0,557.6
212.0,493.35
213.0,397.38
214.0,321.4
215.0,263.97
216.0,259.12
217.0,283.77
218.0,338.96
219.0,387.75
220.0,425.6
221.0,463.77
222.0,475.91
223.0,510.85
224.0,548.8
225.0,601.4
226.0,662.15
227.0,710.88
228.0,725.15
229.0,713.44
230.0,660.84
231.0,595.13
232.0,531.21
233.0,476.75
234.0,444.72
235.0,423.13
236.0,400.82
237.0,382.61
238.0,356.24
239.0,331.84
240.0,312.27
241.0,319.43
242.0,348.22
243.0,417.23
244.0,493.22
245.0,554.27
246.0,607.4
247.0,624.66
248.0,633.78
249.0,632.38
250.0,630.03
251.0,632.86
252.0,627.46
253.0,629.57
254.0,595.76
255.0,552.07
256.0,491.81
257.0,426.74
258.0,372.38
259.0,337.83
260.0,337.28
261.0,346.39
262.0,373.26
263.0,395.01
264.0,416.09
265.0,437.37
266.0,458.36
267.0,489.96
268.0,532.09
269.0,583.32
270.0,624.99
271.0,653.12
272.0,671.41
273.0,658.37
274.0,626.6
275.0,588.88
276.0,545.72
277.0,512.36
278.0,479.81
279.0,465.2
280.0,436.94
281.0,408.32
282.0,381.21
283.0,361.08
284.0,346.01
285.0,356.45
286.0,391.86
287.0,428.19
288.0,481.52
289.0,516.39
290.0,554.93
291.0,581.42
292.0,587.94
293.0,605.15
294.0,614.6
295.0,619.63
296.0,614.38
297.0,612.69
298.0,597.07
299.0,550.78
300.0,499.91
301.0,453.54
302.0,418.45
303.0,389.54
304.0,377.24
305.0,383.76
306.0,389.58
307.0,402.58
308.0,416.58
309.0,430.04
310.0,443.29
311.0,487.82
312.0,520.47
313.0,557.26
314.0,598.12
315.0,621.16
316.0,625.05
317.0,621.77
318.0,597.87
319.0,573.19
320.0,553.96
321.0,528.88
322.0,514.35
323.0,486.86
324.0,458.65
325.0,429.38
326.0,401.05
327.0,389.04
328.0,385.22
329.0,389.6
330.0,403.52
331.0,437.74
332.0,467.82
333.0,504.9
334.0,523.07
335.0,542.93
336.0,563.71
337.0,578.65
338.0,593.76
339.0,602.25
340.0,605.35
341.0,595.41
342.0,569.7
343.0,548.61
344.0,509.37
345.0,467.3
346.0,446.64
347.0,426.18
348.0,421.99
349.0,407.03
350.0,420.19
351.0,417.22
352.0,419.5
353.0,429.61
354.0,448.09
355.0,481.92
356.0,505.2
357.0,539.96
358.0,561.27
359.0,579.58
360.0,586.99
361.0,587.31
362.0,576.39
363.0,567.6
364.0,556.97
365.0,540.86
366.0,519.67
367.0,497.81
368.0,482.24
369.0,450.06
370.0,420.99
371.0,418.66
372.0,402.3
373.0,416.97
374.0,434.23
375.0,440.13
376.0,471.32
377.0,482.63
378.0,505.98
379.0,527.32
380.0,544.99
381.0,552.08
382.0,568.93
383.0,576.82
384.0,588.36
385.0,578.08
386.0,561.44
387.0,535.66
388.0,509.69
389.0,491.46
390.0,469.37
391.0,456.55
392.0,443.51
393.0,440.07
394.0,424.79
395.0,424.02
396.0,430.92
397.0,438.83
398.0,459.96
399.0,482.69
400.0,506.15
401.0,525.17
402.0,544.7
403.0,560.98
404.0,564.58
405.0,567.27
406.0,566.74
407.0,567.83
408.0,547.41
409.0,537.1
410.0,523.41
411.0,507.84
412.0,484.24
413.0,465.88
414.0,453.85
415.0,438.16
416.0,432.45
417.0,433.54
418.0,439.46
419.0,452.36
420.0,461.79
421.0,482.31
422.0,496.82
423.0,508.51
424.0,531.56
425.0,541.49
426.0,562.49
427.0,563.82
428.0,559.25
429.0,566.34
430.0,554.36
431.0,540.79
432.0,523.23
433.0,496.52
434.0,485.52
435.0,472.78
436.0,460.09
437.0,452.49
438.0,445.24
439.0,439.43
440.0,437.74
441.0,454.9
442.0,459.45
443.0,473.84
444.0,496.52
445.0,509.61
446.0,528.74
447.0,537.63
448.0,549.1
449.0,549.15
450.0,546.33
451.0,546.31
452.0,546.81
453.0,538.83
454.0,529.11
455.0,510.74
456.0,495.16
457.0,483.13
458.0,469.13
459.0,460.04
460.0,451.38
461.0,454.08
462.0,458.0
463.0,455.6
464.0,463.17
465.0,475.53
466.0,493.83
467.0,499.05
468.0,518.13
469.0,526.66
470.0,546.13
471.0,551.99
472.0,549.52
473.0,545.46
474.0,544.02
475.0,531.26
476.0,519.81
477.0,510.15
478.0,495.82
479.0,486.0
480.0,474.1
481.0,466.76
482.0,453.15
483.0,452.27
484.0,451.12
485.0,455.89
486.0,467.68
487.0,481.13
488.0,493.81
489.0,499.25
490.0,509.92
491.0,529.01
492.0,526.6
493.0,537.45
494.0,536.84
495.0,536.33
496.0,540.25
497.0,531.16
498.0,520.73
499.0,509.36
500.0,502.73
501.0,481.96
502.0,475.71
503.0,470.32
504.0,453.8
505.0,464.56
506.0,456.8
507.0,462.64
508.0,468.32
509.0,481.61
510.0,490.62
511.0,498.93
512.0,506.89
513.0,522.13
514.0,531.33
515.0,532.89
516.0,540.41
517.0,542.41
518.0,531.44
519.0,531.46
520.0,517.32
521.0,505.64
522.0,504.25
523.0,490.76
524.0,480.2
525.0,473.71
526.0,470.01
527.0,465.21
528.0,459.25
529.0,469.18
530.0,471.85
531.0,483.02
532.0,484.51
533.0,498.54
534.0,509.45
535.0,516.93
536.0,520.03
537.0,528.09
538.0,536.7
539.0,534.84
540.0,525.43
541.0,526.27
542.0,522.73
543.0,515.48
544.0,499.76
545.0,493.55
546.0,484.35
547.0,480.8
548.0,475.01
549.0,473.94
550.0,474.71
551.0,467.05
552.0,478.45
553.0,481.58
554.0,484.96
555.0,497.26
556.0,503.51
557.0,509.97
558.0,519.87
559.0,527.52
560.0,528.31
561.0,529.64
562.0,526.6
563.0,517.15
564.0,519.24
565.0,515.22
566.0,509.58
567.0,494.78
568.0,488.66
569.0,479.34
570.0,477.91
571.0,470.82
572.0,472.63
573.0,467.39
574.0,477.14
575.0,483.03
576.0,493.79
577.0,499.25
578.0,499.62
579.0,513.13
580.0,517.0
581.0,517.98
582.0,517.39
583.0,524.79
584.0,517.0
585.0,519.92
586.0,520.39
587.0,509.4
588.0,505.98
589.0,503.21
590.0,491.5
591.0,485.27
592.0,478.6
593.0,477.97
594.0,479.32
595.0,473.77
596.0,482.12
597.0,481.94
598.0,490.18
599.0,490.52
600.0,497.93
601.0,506.73
602.0,518.01
603.0,518.89
604.0,515.73
605.0,521.23
606.0,515.7
607.0,522.85
608.0,519.32
609.0,513.51
610.0,507.85
611.0,498.28
612.0,490.97
613.0,494.62
614.0,489.48
615.0,483.37
616.0,472.26
617.0,479.89
618.0,479.61
619.0,480.72
620.0,495.03
621.0,490.92
622.0,498.74
623.0,505.56
624.0,508.85
625.0,517.44
626.0,517.94
627.0,522.76
628.0,517.31
629.0,522.1
630.0,511.72
631.0,511.26
632.0,504.16
633.0,503.34
634.0,497.05
635.0,491.48
636.0,486.65
637.0,487.89
638.0,483.27
639.0,476.2
640.0,479.03
641.0,487.49
642.0,487.36
643.0,493.72
644.0,490.28
645.0,500.44
646.0,509.03
647.0,517.73
648.0,515.26
649.0,514.36
650.0,516.12
651.0,521.09
652.0,511.66
653.0,510.55
654.0,506.05
655.0,498.87
656.0,499.31
657.0,492.43
658.0,486.24
659.0,485.17
660.0,479.2
661.0,482.8
662.0,485.21
663.0,486.45
664.0,482.52
665.0,492.08
666.0,498.48
667.0,508.52
668.0,501.09
669.0,507.66
670.0,510.63
671.0,513.94
672.0,513.02
673.0,513.82
674.0,513.7
675.0,513.61
676.0,503.9
677.0,503.58
678.0,494.6
679.0,499.01
680.0,497.9
681.0,487.07
682.0,487.91
683.0,486.9
684.0,483.39
685.0,481.12
686.0,477.93
687.0,488.52
688.0,496.49
689.0,501.52
690.0,509.88
691.0,505.96
692.0,512.41
693.0,510.32
694.0,520.61
695.0,512.09
696.0,508.21
697.0,509.84
698.0,510.07
699.0,505.05
700.0,502.99
701.0,492.39
702.0,494.07
703.0,490.31
704.0,493.45
705.0,483.34
706.0,490.86
707.0,492.66
708.0,484.04
709.0,487.55
710.0,497.62
711.0,500.8
712.0,504.78
713.0,508.52
714.0,511.86
715.0,512.27
716.0,509.43
717.0,515.82
718.0,513.5
719.0,509.17
720.0,504.59
721.0,500.21
722.0,498.0
723.0,500.51
724.0,492.3
725.0,490.98
726.0,489.43
727.0,495.73
728.0,482.94
729.0,491.25
730.0,489.53
731.0,493.19
732.0,492.84
733.0,499.6
734.0,496.64
735.0,504.85
736.0,509.12
737.0,509.19
738.0,508.12
739.0,509.51
740.0,513.13
741.0,508.72
742.0,505.24
743.0,500.14
744.0,499.1
745.0,497.4
746.0,491.07
747.0,494.24
748.0,491.32
749.0,492.85
750.0,491.42
751.0,488.23
752.0,488.4
753.0,491.1
754.0,497.39
755.0,503.18
756.0,503.12
757.0,501.31
758.0,506.39
759.0,506.91
760.0,513.59
761.0,509.83
762.0,507.96
763.0,501.15
764.0,504.04
765.0,510.7
766.0,500.74
767.0,502.92
768.0,499.62
769.0,493.57
770.0,488.6
771.0,492.63
772.0,489.35
773.0,494.39
774.0,494.03
775.0,490.76
776.0,490.12
777.0,498.61
778.0,500.6
779.0,506.28
780.0,506.93
781.0,505.81
782.0,510.23
783.0,509.09
784.0,512.06
785.0,509.48
786.0,508.16
787.0,500.5
788.0,498.15
789.0,499.48
790.0,499.02
791.0,492.84
792.0,491.79
793.0,489.82
794.0,491.25
795.0,494.98
796.0,500.13
797.0,496.06
798.0,499.79
799.0,498.97
800.0,505.03
801.0,501.69
802.0,501.38
803.0,504.84
804.0,509.75
805.0,508.05
806.0,510.27
807.0,514.11
808.0,502.86
809.0,504.09
810.0,500.31
811.0,504.4
812.0,502.66
813.0,495.31
814.0,501.82
815.0,491.85
816.0,495.97
817.0,488.15
818.0,491.56
819.0,498.81
820.0,507.52
821.0,496.88
822.0,499.67
823.0,507.64
824.0,500.99
825.0,500.39
826.0,502.47
827.0,511.02
828.0,506.82
829.0,503.11
830.0,509.66
831.0,501.46
832.0,504.41
833.0,492.54
834.0,497.43
835.0,495.84
836.0,492.78
837.0,493.72
838.0,499.56
839.0,498.76
840.0,492.48
841.0,485.89
842.0,498.32
843.0,496.51
844.0,500.59
845.0,498.79
846.0,506.15
847.0,511.42
848.0,506.4
849.0,506.08
850.0,503.32
851.0,508.96
852.0,507.02
853.0,504.58
854.0,506.22
855.0,497.55
856.0,498.43
857.0,502.11
858.0,494.66
859.0,499.78
860.0,496.51
861.0,487.95
862.0,493.44
863.0,495.77
864.0,494.09
865.0,491.8
866.0,488.68
867.0,498.43
868.0,504.72
869.0,504.34
870.0,506.6
871.0,506.06
872.0,504.68
873.0,500.2
874.0,505.63
875.0,501.92
876.0,505.63
877.0,502.99
878.0,498.28
879.0,496.16
880.0,502.32
881.0,496.14
882.0,492.84
883.0,495.49
884.0,491.48
885.0,492.25
886.0,495.87
887.0,500.73
888.0,497.97
889.0,498.27
890.0,500.75
891.0,501.93
892.0,504.16
893.0,496.81
894.0,510.81
895.0,510.37
896.0,502.07
897.0,504.92
898.0,497.57
899.0,498.56
900.0,492.53
901.0,501.41
902.0,500.71
903.0,497.56
904.0,492.67
905.0,493.52
906.0,492.32
907.0,488.84
908.0,497.82
909.0,493.99
910.0,500.72
911.0,495.92
912.0,500.95
913.0,502.52
914.0,502.48
915.0,505.9
916.0,493.31
917.0,505.98
918.0,502.31
919.0,505.01
920.0,499.85
921.0,496.35
922.0,496.9
923.0,499.55
924.0,497.53
925.0,498.32
926.0,496.43
927.0,497.21
928.0,493.39
929.0,501.52
930.0,497.45
931.0,498.18
932.0,494.53
933.0,502.51
934.0,500.94
935.0,496.6
936.0,501.11
937.0,504.89
938.0,503.9
939.0,502.73
940.0,504.68
941.0,501.73
942.0,495.9
943.0,503.73
944.0,502.56
945.0,495.38
946.0,498.61
947.0,498.09
948.0,493.04
949.0,496.39
950.0,493.29
951.0,500.55
952.0,494.64
953.0,503.52
954.0,503.89
955.0,497.51
956.0,502.82
957.0,498.07
958.0,506.39
959.0,506.09
960.0,508.11
961.0,506.61
962.0,507.69
963.0,503.4
964.0,502.06
965.0,500.55
966.0,504.27
967.0,506.61
968.0,497.41
969.0,501.39
970.0,495.49
971.0,499.04
972.0,500.52
973.0,492.55
974.0,497.49
975.0,500.45
976.0,498.79
977.0,503.26
978.0,499.17
979.0,499.99
980.0,499.62
981.0,500.36
982.0,501.18
983.0,503.16
984.0,506.16
985.0,508.56
986.0,494.23
987.0,504.7
988.0,500.19
989.0,499.29
990.0,500.8
991.0,495.86
992.0,505.99
993.0,499.77
994.0,492.34
995.0,492.56
996.0,501.79
997.0,495.44
998.0,497.41
999.0,501.69
1000.0,500.24
1001.0,495.76
1002.0,500.08
1003.0,500.96
1004.0,500.2
1005.0,500.68
1006.0,508.43
1007.0,502.33
1008.0,498.13
1009.0,502.45
1010.0,499.38
1011.0,499.4
1012.0,496.8
1013.0,503.21
1014.0,501.5
1015.0,495.38
1016.0,504.32
1017.0,493.84
1018.0,505.02
1019.0,504.21
1020.0,499.38
1021.0,497.11
1022.0,497.13
1023.0,507.06
1024.0,502.15
1025.0,499.53
1026.0,498.15
1027.0,505.35
1028.0,504.54
1029.0,501.34
1030.0,497.45
1031.0,499.99
1032.0,497.87
1033.0,499.78
1034.0,500.65
1035.0,491.93
1036.0,496.99
1037.0,493.16
1038.0,499.68
1039.0,505.99
1040.0,496.74
1041.0,493.17
1042.0,503.04
1043.0,492.26
1044.0,493.21
1045.0,502.34
1046.0,507.7
1047.0,500.59
1048.0,501.21
1049.0,501.3
1050.0,498.38
1051.0,495.33
1052.0,496.9
1053.0,496.62
1054.0,506.16
1055.0,495.56
1056.0,499.9
1057.0,498.88
1058.0,502.57
1059.0,496.72
1060.0,496.53
1061.0,502.31
1062.0,499.71
1063.0,501.81
1064.0,500.86
1065.0,502.96
1066.0,502.11
1067.0,497.87
1068.0,497.53
1069.0,500.03
1070.0,498.52
1071.0,500.04
1072.0,495.41
1073.0,494.59
1074.0,504.06
1075.0,495.69
1076.0,501.04
1077.0,501.98
1078.0,493.71
1079.0,497.69
1080.0,497.32
1081.0,498.24
1082.0,496.28
1083.0,494.56
1084.0,490.97
1085.0,498.66
1086.0,500.58
1087.0,499.61
1088.0,497.54
1089.0,499.91
1090.0,499.25
1091.0,497.95
1092.0,501.27
1093.0,501.62
1094.0,498.75
1095.0,497.67
1096.0,498.59
1097.0,500.9
1098.0,494.29
1099.0,498.36
1100.0,500.94
1101.0,498.13
1102.0,497.93
1103.0,498.59
1104.0,500.22
1105.0,502.24
1106.0,501.67
1107.0,491.86
1108.0,501.25
1109.0,495.15
1110.0,498.64
1111.0,496.35
1112.0,501.71
1113.0,497.79
1114.0,502.62
1115.0,496.87
1116.0,497.93
1117.0,501.95
1118.0,499.06
1119.0,504.0
1120.0,497.82
1121.0,500.5
1122.0,502.11
1123.0,499.19
1124.0,496.27
1125.0,499.29
1126.0,500.44
1127.0,501.14
1128.0,497.77
1129.0,498.4
1130.0,502.62
1131.0,499.6
1132.0,500.69
1133.0,507.13
1134.0,502.08
1135.0,496.63
1136.0,497.19
1137.0,494.38
1138.0,505.37
1139.0,500.09
1140.0,505.68
1141.0,499.54
1142.0,505.75
1143.0,497.25
1144.0,502.56
1145.0,502.27
1146.0,499.78
1147.0,496.44
1148.0,504.44
1149.0,499.94
1150.0,500.8
1151.0,498.67
1152.0,505.22
1153.0,495.8
1154.0,497.71
1155.0,503.14
1156.0,499.59
1157.0,496.83
1158.0,503.35
1159.0,499.02
1160.0,499.48
1161.0,502.7
1162.0,503.94
1163.0,502.9
1164.0,501.85
1165.0,501.51
1166.0,498.59
1167.0,498.19
1168.0,496.29
1169.0,492.56
1170.0,500.24
1171.0,501.12
1172.0,500.03
1173.0,501.45
1174.0,497.56
1175.0,504.46
1176.0,502.6
1177.0,503.61
1178.0,496.55
1179.0,502.26
1180.0,501.07
1181.0,498.51
1182.0,505.54
1183.0,494.57
1184.0,505.48
1185.0,498.94
1186.0,503.18
1187.0,497.78
1188.0,500.05
1189.0,500.92
1190.0,498.27
1191.0,504.23
1192.0,497.78
1193.0,502.05
1194.0,501.42
1195.0,502.34
1196.0,508.14
1197.0,499.65
1198.0,495.46
1199.0,503.77
